

{
  "textures": {
    "gui": "item/gui/atomic/atomic"
  },
  "elements": [
    {
      "from": [ -16, -16, -16 ],
      "to": [ 16, 29.254833995939038, -16 ],
      "rotation": {
        "origin":[ 77.42231711797339,-25.080761178844007, 0],
        "axis":"z",
        "angle":-22.5
      },
     "faces": {
        "south": { "uv": [ 0, 0, 8, 8 ], "texture": "#gui"}
      }
    },
    {
      "from": [ -16, -16, -16 ],
      "to": [ 16, 29.254833995939038, -16 ],
      "rotation": {
         "origin":[ 61.422317117973364,-105.51819305285754, 0],
         "axis":"z",
         "angle":-22.5
      },
      "faces": {
          "south": { "uv": [ 8, 0, 16, 8 ], "texture": "#gui"}
        }
    },
    {
      "from": [ -16, -16, -16 ],
      "to": [ 16, 29.254833995939038, -16 ],
      "rotation": {
        "origin":[ -36.33338996071849,-2.4533441808744736, 0],
        "axis":"z",
        "angle":-22.5
      },
      "faces": {
        "south": { "uv": [ 0, 8, 8, 16 ], "texture": "#gui"}
      }
    },
    {
      "from": [ -16, -16, -16 ],
      "to": [ 16, 29.254833995939038, -16 ],
      "rotation": {
         "origin":[ -52.3333899607185,-82.89077605488804, 0],
         "axis":"z",
         "angle":-22.5
      },
      "faces": {
        "south": { "uv": [ 8, 8, 16, 16 ], "texture": "#gui"}
      }
    }
  ],
  "display": {
    "gui": {
      "rotation": [ -45, 0, 22.5 ],
      "scale": [ 4, 4, 4 ],
      "translation": [ 0, 0, -37.5 ]
    }
  }
}
