

{
  "textures": {
    "gui": "item/gui/blast/blast"
  },
  "elements": [
    {
      "from": [ -16, -16, -16 ],
      "to": [ 16, 29.254833995939038, -16 ],
      "rotation": {
        "origin":[ 51.50396504062883,-13.719106325397135, 0],
        "axis":"z",
        "angle":-22.5
      },
     "faces": {
        "south": { "uv": [ 0, 0, 8, 8 ], "texture": "#gui"}
      }
    },
    {
      "from": [ -16, -16, -16 ],
      "to": [ 16, 29.254833995939038, -16 ],
      "rotation": {
         "origin":[ 35.50396504062881,-94.15653819941068, 0],
         "axis":"z",
         "angle":-22.5
      },
      "faces": {
          "south": { "uv": [ 8, 0, 16, 8 ], "texture": "#gui"}
        }
    },
    {
      "from": [ -16, -16, -16 ],
      "to": [ 16, 29.254833995939038, -16 ],
      "rotation": {
        "origin":[ -62.25174203806304,8.908310672572398, 0],
        "axis":"z",
        "angle":-22.5
      },
      "faces": {
        "south": { "uv": [ 0, 8, 8, 16 ], "texture": "#gui"}
      }
    },
    {
      "from": [ -16, -16, -16 ],
      "to": [ 16, 29.254833995939038, -16 ],
      "rotation": {
         "origin":[ -78.25174203806304,-71.52912120144116, 0],
         "axis":"z",
         "angle":-22.5
      },
      "faces": {
        "south": { "uv": [ 8, 8, 16, 16 ], "texture": "#gui"}
      }
    }
  ],
  "display": {
    "gui": {
      "rotation": [ -45, 0, 22.5 ],
      "scale": [ 4, 4, 4 ],
      "translation": [ 0, 0, -68 ]
    }
  }
}
