

{
  "textures": {
    "gui": "item/gui/pulverizer/pulverizer"
  },
  "elements": [
    {
      "from": [ -16, -16, -16 ],
      "to": [ 16, 29.254833995939038, -16 ],
      "rotation": {
        "origin":[ 88.08769057961547,-6.297228425065384, 0],
        "axis":"z",
        "angle":-22.5
      },
     "faces": {
        "south": { "uv": [ 0, 0, 8, 8 ], "texture": "#gui"}
      }
    },
    {
      "from": [ -16, -16, -16 ],
      "to": [ 16, 29.254833995939038, -16 ],
      "rotation": {
         "origin":[ 72.08769057961547,-86.73466029907894, 0],
         "axis":"z",
         "angle":-22.5
      },
      "faces": {
          "south": { "uv": [ 8, 0, 16, 8 ], "texture": "#gui"}
        }
    },
    {
      "from": [ -16, -16, -16 ],
      "to": [ 16, 29.254833995939038, -16 ],
      "rotation": {
        "origin":[ -25.66801649907639,16.33018857290414, 0],
        "axis":"z",
        "angle":-22.5
      },
      "faces": {
        "south": { "uv": [ 0, 8, 8, 16 ], "texture": "#gui"}
      }
    },
    {
      "from": [ -16, -16, -16 ],
      "to": [ 16, 29.254833995939038, -16 ],
      "rotation": {
         "origin":[ -41.66801649907639,-64.10724330110942, 0],
         "axis":"z",
         "angle":-22.5
      },
      "faces": {
        "south": { "uv": [ 8, 8, 16, 16 ], "texture": "#gui"}
      }
    }
  ],
  "display": {
    "gui": {
      "rotation": [ -45, 0, 22.5 ],
      "scale": [ 4, 4, 4 ],
      "translation": [ 0, 0, -30 ]
    }
  }
}
