

{
  "textures": {
    "gui": "item/gui/smelter/smelterstate2"
  },
  "elements": [
    {
      "from": [ -16, -16, -16 ],
      "to": [ 16, 29.254833995939038, -16 ],
      "rotation": {
        "origin":[ 69.35528665624145,-0.6112771666405017, 0],
        "axis":"z",
        "angle":-22.5
      },
     "faces": {
        "south": { "uv": [ 0, 0, 8, 8 ], "texture": "#gui"}
      }
    },
    {
      "from": [ -16, -16, -16 ],
      "to": [ 16, 29.254833995939038, -16 ],
      "rotation": {
         "origin":[ 53.35528665624145,-81.04870904065406, 0],
         "axis":"z",
         "angle":-22.5
      },
      "faces": {
          "south": { "uv": [ 8, 0, 16, 8 ], "texture": "#gui"}
        }
    },
    {
      "from": [ -16, -16, -16 ],
      "to": [ 16, 29.254833995939038, -16 ],
      "rotation": {
        "origin":[ -44.400420422450416,22.016139831329028, 0],
        "axis":"z",
        "angle":-22.5
      },
      "faces": {
        "south": { "uv": [ 0, 8, 8, 16 ], "texture": "#gui"}
      }
    },
    {
      "from": [ -16, -16, -16 ],
      "to": [ 16, 29.254833995939038, -16 ],
      "rotation": {
         "origin":[ -60.4004204224504,-58.42129204268454, 0],
         "axis":"z",
         "angle":-22.5
      },
      "faces": {
        "south": { "uv": [ 8, 8, 16, 16 ], "texture": "#gui"}
      }
    }
  ],
  "display": {
    "gui": {
      "rotation": [ -45, 0, 22.5 ],
      "scale": [ 4, 4, 4 ],
      "translation": [ 0, 0, -51.5 ]
    }
  }
}
